260149911914414080	43952467	neutral	I'll let Killing Joke deal with my Sunday night blues instead. That's Dave Grohl on drums too. http://t.co/bp1mSufB
252869706061578240	56377038	positive	Free PSN game on PSN Game is ZEN PINBALL 2. Free Game on Playstation Network. As of Oct 1 2012. Get it now while its free. USA PSN
262873851824836608	626312773	objective-OR-neutral	Regus 3rd Place site opening throughout Europe. Check out the new UK locations at Beaconsfield and Cobham.  http://t.co/sGdNFTWI
250341283137212416	211201889	positive	An incredible day in West Liberty, Ky. A small but strong community moving forward after March 2 tornadoes. http://t.co/1xYVbGtc
263238337303805954	76288540	objective	LPG consumers can now fill up KYC form till Nov 15: The government has extended by 15 days the deadline for filling... http://t.co/tGzJfMUi
263819592219099136	596645024	objective-OR-neutral	FB: Warriors fans can pick up the 3rd quarter of ESU's 35-28 win vs West Chester (Oct 6) right now on ROOT Sports (DIRECTV 659, DISH 428)
262500699470966784	270423658	positive	Mersey side derby then the NFL at wembley. Nice little Sunday lined up.
259270296127819776	313598778	positive	@doconnell1988 @Eamonn_Kenny @scuds49 @JonnyMcgailey Cheers  but no luck needed with d 2nd one, i got a supply of Rohypnol #ladieshereicome
241148099463090176	377405172	objective-OR-neutral	Not Available
263305335975071746	368593880	negative	This dude from Jerusalem say he can't take a test Thursday b/c holloween Wednesday&amp;he's gonna have a hang over #purehonesty
200031568482414593	89051322	objective	@Kandi: What should tomorrow night's #KandiKoatedNight topic be???? -- how I'm going to get on Kandi Factory!
228966369205575680	631021211	negative	Looks for Tom Boonen but knows he'll be face down in a mountain of sherbet. Race day tomorrow. Prep of pros
236385831131156480	231018496	objective-OR-neutral	Dallas Mavericks 1st Round Draft Pick Jared Cunningham could be heading to the D League when the season starts (Source: ESPN)
248972024297431040	65528374	positive	@Idieshoop let's just say, I call it the Casey's Trifecta. I'll explain in homeroom tomorrow....after I ask Cory to homecoming lol
168356477470375936	146114571	positive	Wichita St is just a team full of corncobs. Also, if they play "We Ready" today, place will explode. #shakeandbakejays #BOOTSTOASSES
251188345705750528	76545269	negative	Not Available
257109306271485952	39185755	positive	@Girl4Music20 3rd album changes a lot. I know you hate Unbroken, but I love it! 1. Unbroken, Fix A Heart, In Real Life, Together, Skyscraper
194439687853703168	452350609	positive	Celebrating St George's Day, the Bard's Birth Day or even World Book Day? April 23rd is a great day for history, heritage & culture. Enjoy!
263313343241154562	299012137	positive	@ryanbertrand3 met you today at Cobham!! Gave you my twitter? Any chance of that follow mate? Thanks for stopping, good luck tomorrow dude!!
263855452822073344	249450101	negative	Not Available
195155639985647617	90353808	positive	Not Available
251154711175106560	627630645	positive	@crazycharmx3 i love doing that, hey we are running the fox run tomorrow together k ? lets try and beat the record
243833330007699457	144615708	negative	@danggem cafE ONE?! "They lose Dongwoo on a Tuesday." is the first lINE IS THAT THE RIGHT FIC NO IT DOESN'T SEEM LIKE IT WAIT LINK ME?! LMAO
260533648720285697	596931391	objective-OR-neutral	Each January, a new FAFSA is available for the upcoming school year, and completing it is free when you go to the... http://t.co/qWR4qf6l
260110815250743297	272448637	positive	RG-3 showed me a lot of skill 2day but, the NYG &amp; Defense secures Eli's 24th come from behind victory! Forcing 5 turnovers on WSH #HiHaterz
237726495244685313	228203206	negative	Lakers vs Heat on Jan. 17th! It's D Wade's b day... I feel bad he'll lose on his birthday lololol
223236843628535809	268071697	positive	@ktvee Love the Iditarod! Used to do huge project when I taught 1st! Even went for start one year! Can't wait to see what you did!
231539893753503744	144622202	negative	Who are the dumb asses who decided to shutdown Main St on a Friday for a town of 50,000+ for a Strawberry Festival
256555035578728449	63035415	objective-OR-neutral	Mark Martin qualifies 3rd at Charlotte. Giddy about racing still says "When I stop racing I will still compete" http://t.co/vzdEi8LX
161712465678303233	45130743	positive	@tinamanihuruk: Come and enjoy Java Jazz on the Move @SMS_Serpong Jan 28th ... | -- Serpong jauh, cyinn! :P
263336743003115521	750107720	positive	Its Tuesday &amp; time for Young Life! 8:32pm Union Lyceum. Takin' it up a notch tonight! Come join us #whywouldyounot
264150773720563712	434062097	objective-OR-neutral	Not Available
262871005490454528	265251610	objective-OR-neutral	@AnfieldFM Hi there. Counting down the days until Im back in UK and going to see LFC - NUFC on Sunday from my Season Ticket seat in The Kop!
201758321743630336	15764509	positive	Can't wait 4 Mon! @nbcagt  @sternshow: Check out Bill Carter's piece in the @NYTimes : "Prime-Time Stern" http://t.co/GZ5pxBCy @HowardStern
251143201057030145	152694676	objective-OR-neutral	Not Available
246005635764858880	277267176	objective-OR-neutral	Laguna Hills Phone FOX Tuesday Comedy Sizzle: Catch the premieres of New Girl, Ben and Kate an... http://t.co/rXlC66ds Telephone Systems
257991896759169024	84746853	positive	Not too late to come down to our Monday night open mic to sing or just have a good time!  IGUANA 240 W 54 St. Will be here till 9 pm
167781636413472768	267677604	objective	#NCST extend their biggest lead of the game with a Lorenzo Brown trey. Up 11 pt, 47-36, mid 2nd half!
264107744376803329	81336940	positive	This time tomorrow I will be at Alexandra Palace seeing Jack White live for the second time in the last two months:D
262646570460262401	19450276	objective-OR-neutral	Not Available
260503781429608448	26140245	neutral	1st I thought he was David Ruffin impersonator. Then I thought he was a backup singer for Miguel. Sn: Your c http://t.co/RkFuDgPP
253310466024169472	401099806	positive	Just got him tickets to the Knicks vs Celtics game on October 20 Lmfao how mad would he be ?
263332884411215873	436975790	objective-OR-neutral	Joseph Prince - None Of Us, All Of Christ! - 14 Oct 2012: http://t.co/07adOghe via @youtube How much of God's GRACe do you need?
260832035642413056	267357551	positive	Saturday 27/10/12 Regal in session with The Big Tunes Crew @ the Iguana Reading more niceness to keep ya skanking hard.
263962593155219456	119519641	positive	Not Available
264105877722771456	770079542	objective-OR-neutral	Got plans tonight?  Join us at AJ's on Poyntz for Thursday Night Live!  Jessica Furney will be playing 7-9 pm http://t.co/Y0mhd9c8...
261452792298864640	127567306	positive	Looking forward to preaching at Plant City's First Baptist Sunday @ 6:30pm. New City Church will be baptizing 2 into the Kingdom. Praise God
176884776194686976	29635577	objective	Geoff Shackelford: Honda Classic Ratings Up 78%: Michael Hiestand with the http://t.co/bhTkmp2i http://t.co/lpceXHmM
263610585143459843	68244172	positive	TONIGHT!!! we proudly pres. our 7th HALLOWEEN party with LIMEWAX &amp; many more - this time at Studio 21 (twenty one) http://t.co/noBBKrxz
199829528468656129	108914234	objective-OR-neutral	This Saturday GREEN VELVET back at Cherry Moon! Together with DEG, FRANK ZOLEX, YOURI PARKER &amp; DJ GHOST! Be part... http://t.co/o3xSsOb2
264157367481012224	577546457	negative	Not Available
194408371309379584	424921875	objective	@ArcherDevil Two completely different days.  World Book Day is for kids March 1 2012.  This day is World Book Night - for adults...
263553226576633856	32864602	neutral	Not Available
258711684561117185	455355998	positive	Not Available
264064628336779264	242906865	objective-OR-neutral	Vanessa and denies are coming shopping with me on black friday.!
241711277532119040	757089673	positive	happy 15th anniversity kuya gloc9 you are number 1 rapper and francis M. .........
209857634889764864	40256296	objective	That's it for the week. I'll talk again later after I my mb and cs class. In other news SimCity is a passalong and venus goes over the sun.
264251347195551744	76587091	positive	Can't wait to see @Dynamomagician in South Africa on the 14th dude is on another level... check this out http://t.co/05kvUyEf
251727127060303873	733817984	objective-OR-neutral	@PGPackersNews Shield Kids Event October 5th @58 Bar n Grill in Pico Rivera Come n help support the fundraiser 4 abused and abandon children
264003998720348160	58830533	neutral	Spread the word! The Workshop is Dayton, OH is not cancelled! I will be in Ohio tomorrow &amp; I'll be at the party Saturday Night!
263984722617712640	394763270	neutral	Busy preparing for Izzy's Mini Masterclasses in the Studio tomorrow. Decadent chocolate ganache torte to welcome our attendees. Good idea?
261119659175206912	62417515	objective-OR-neutral	SimCity delayed, now erecting on March 5: If you were thrilled by the recent lenghty demonstration of SimCity or... http://t.co/d36Xfkgd
263439080988217345	271946326	neutral	@Im_JoeGrizzly bro get that FAFSA done tomorrow, last day.
241654742110064640	137506129	objective-OR-neutral	Not Available
263998344404291585	427621336	negative	I miss one day &amp; it seems like they're about to give me ISS tomorrow. #wtf #pt
243795816576348160	37448987	positive	Come join us at the Walmart "I Love My Car" event this Friday and Saturday in Pico Rivera! Games and give-aways for the whole family.
263833536962895872	18709732	positive	@OhStrawn 25-21 Warriors at the end of the 1st. Bogut looking good in the opening 6 Points in 6 minutes 3 Rebs. Steph looks a little nervous
188863888765370368	247855533	positive	Not Available
240515102988697601	550957683	positive	I will see him perform at club Pulse tomorrow so happy lol my bday... Come party with me having a... http://t.co/DNkvAukc &lt;via #instagram&gt;
264165994702979072	407998827	positive	Not Available
167545861423890432	321496438	neutral	Euro Parliament may freeze contacts with Duma until Russia holds free and fair elections   - Breaking News Buzz http://t.co/2POdgLyU
263996792373387264	859096723	objective	The total number of Distressed Properties For Sale declined for the 4th straight week to 282 in Fairfax, Loudoun, and Arlington
264155228813795328	574029111	neutral	Not Available
263636007587549185	312872826	objective-OR-neutral	WILDCAT WORKOUT OCTOBER 31st in the old gym at 7pm!! #FVSU RrrrrrTttttt
263043753781104640	65110784	objective-OR-neutral	@Oficial10Oscar Will you get your driver to stop outside Cobham tomorrow so i can have a picture with you?#ChatOscar
262806394321903616	127448097	objective-OR-neutral	Yes, it is us: " Black Triangle Sighting in Pompano Beach, Florida on October 28th 2012 - basically it... http://t.co/W6uCvtlp " #aliens
264197758964101120	300606011	objective-OR-neutral	@_Addrriiaannnaa yea , I just been in ISS i'll be back tomorrow
176522384117993472	513138843	objective	Not Available
259306906642939904	19724392	objective-OR-neutral	Getting ready to head to Pico Rivera to meet  up with my #Halloween stylist @tutus18. Trying to get a look together by tomorrow night!
207347013292011521	330606101	positive	Not Available
194202072520990720	68750781	positive	Photo: Good Monday Morning and Happy World Book Day! :3 (Taken with instagram) http://t.co/t3qmX4Kk
187742971859451904	321122648	objective-OR-neutral	Track meet tomorrow South Florence, Timmonsville, and the worlds finnest West Florence #tracknation
263640792415997953	209682819	positive	@CUTE_AF I'll make you the cd's while at work so you may add it to your collection if you like! lol :) Girl Poetic Justice n Gold Alpinas!
257762323924664320	28960735	objective	Planned maintenance for the PlayStation Network scheduled for Monday, October 15th from 4AM to 4PM Pacific Time 7AM to 7PM Eastern#reminder
260889070509621249	501946653	positive	Don't forget, Wednesday night is the weekly Amateur contest at Showgirls in Plant City. Come see me emcee! $300 cash prizes.
261685399196405761	412870727	positive	5 page paper due tomorrow and what am I doing with my time? Watching the Animal Planet. #weeeeeee
249325734475214848	238001932	neutral	@tobias31 Tomorrow night if u in Milwaukee stop thru Club Pulse and check us out... Across the street from the Bradley Center
261527660126171136	553888069	positive	Campbell must feel like he's won the lottery tonight. Sat in SJP, on a European night, with Krul, Coloccini, Cabaye, Ben Arfa, Ba and Shola.
261999318007963648	49756682	objective-OR-neutral	SIU up 2 sets to 0 at Drake (25-16, 27-25), looking to keep sole possession of 4th place in MVC. just underway in the 3rd set
264188431108829184	882653786	positive	@Diamondkwhite, now that the attitude of a real winner. Hey, Justin Biebers manager may just be looking to sign you ...
195015914754818048	11282622	positive	Had a great conversation with a guy at 16th & Mission after he gave me his last book for World Book Day. It was nifty, dude!
259606268728193025	545917436	neutral	@davidgill1985 @leahkeenan your going to be tamping etc etc come Sunday evening, up the Mackems
264156221077086209	16064402	objective	@Doosh5 can u tweet me updates from the Warriors game tomorrow?
192417988778016768	63886917	objective	Knicks vs Celtics is just a 3pt shootout New York has 9 and there's 5 mins left in the 2nd
257292826776322048	116848357	negative	Don't get me on the topic of Andrew Breitbart again. I cried like a child last Saturday.
264106058103025665	404654419	negative	Oh wait if George Osborne gets shipped out to space on the B ark from Douglas Adams' book, he's going to demand an upgrade to 1st class...
259048276672782336	163998890	positive	#tbt a year ago tomorrow i would have met the amazing Christina Grimmie :) #takemeback http://t.co/leQjLVx1
259099866574245888	268760950	objective-OR-neutral	PSA: Since I got my cast off, I will be taking my 2K talents to the Playstation Network and asking for names to play me Saturday morning!
261627107552149504	42111972	objective	Thursday Night Football Open Thread - Buccaneers vs. Vikings: Tonight, the Tampa Bay Buccaneers will take on the... http://t.co/RIPETXV5
261160991931375616	190284306	objective-OR-neutral	Free showing of the "Lorax" this Friday night after Trunk or Treat at J.P. Riddle Stadium.  http://t.co/48fHo1rR
259740354423713792	560439293	positive	@IamDuffyBear We can't wait to see what the cast members at Capt. EO do when they see me tomorrow in my costume.
259884564359548928	19961694	positive	Mark Martin: Morning! *Yawn*  Good weekend so far?   'Like' this status if you're having a lazy Sunday or... http://t.co/3zaI1oSJ
252498062243680256	342549290	negative	Cliff Avril leaves Detroit Lions game with back injury: Detroit Lions defensive end Cliff Avril left Sunday's game against the Minnes...
224570943807307776	20878375	negative	Not Available
156387292737568768	17680681	negative	Jack Welch and Mort Zuckerman are always on giving 'wisdom'. Isn't their business style part of what made this mess in the 1st. #leansix
261903146836713472	394181065	positive	Best of luck to @IndianaStateVB at Illinois State tonight!  Domination of the 2nd half of the MVC season starts tonight! #rolltimber
261999025081946112	103479442	positive	@busydee4 you need to come to the Houston Rodeo in march!
264068419480088576	107628564	positive	@abeer_farhat Vanessa's gonna be at the soccer field tomorrow, not the gym-- she forced me to tell you :)
222708587808555008	104504069	positive	Zionsville students did well on ISTEP! See the results and quotes from school superintendent Scott Robison in tomorrow's paper!
253716160393138177	320428296	positive	(Native) America day is coming up next Thursday! @CHR1ST1NA_N and I are going all out. #JoinTheTribe #MySoulisNative
260036083864186880	20148995	neutral	First thing MON needs to do tomorrow is get on the phone to Spurs and insist that Danny Rose is not returning to White Hart Lane #SAFC #FTM
262082580361379840	739945399	positive	Yeah I'm pretty sure I'm going to Selma tomorrow.
261715161335857153	391763857	objective	Australian Directioners, little things will be played on the radio at 5pm on Monday afternoon on the hits radio.
241140200753987584	22327576	objective	I dreamt I sat with @MaryRobinette at a Star Wars event, eating @Alinea's Lamb 86, watching James Lipton interview Ralph McQuarrie.
258709039448457216	274558478	objective-OR-neutral	Rattlestick recommends IMAGINING MADOFF! Check it out on Sunday at 3p at the JCC in Manhattan! More info at http://t.co/EUbWa2zq
236560243843276801	395924563	positive	@JimGellatly  come with me, and you will see @theiqonsband, @Tijuana_Bibles, @Stone_Fox_Chase, and David Taylor at PivoPivo tomorrow night
257843953452347392	438152067	objective-OR-neutral	Bbsr: Autorickshaw union calls for 12-hr strike tomorrow in the city protesting against fuel price hike and cap on LPG #Odisha
248915569829613568	182194111	neutral	Pakistan to talk counterterrorism with US, Afghans: Pakistan's foreign minister revealed Thursday that her country would soon hold co...
260805481994543104	900232124	objective-OR-neutral	The earliest you can complete your 2013-2014 FAFSA is January 1st and our priority deadline is March 1st. You must fill one out every year!
249039814953934848	395070631	objective-OR-neutral	[FAN-ACC] 120921 Incheon Airport: While waiting to board the plane, Dongwoo sat on top of Woohyun's leg !! xD ~ (cr: weibo)
256368779594964992	384272833	objective-OR-neutral	PlayStation Network maintenance on October 15: Services going offline, possibly to make way for the new PS Store... http://t.co/IEbDpjbI
259983669446455296	99260593	positive	Tomorrow's Monday and I'm looking forward for it. Will be hanging out with an old Shatec friend of mine, Ying. Manhattan and ice-skating. :D
238301365972119552	253365698	objective	Walk folder has Monk charts/tracks @FantomK_Music ---- Quartet session this saturday  --- listen to the record
262499652350377984	323167440	objective	@jcexplorer I'm planning a winter trip to Okinawa and on my way back I want to stay a few days in Saga and maybe Fukuoka in early January.
261909771186208769	27505103	positive	@KuroiDaiyamondo I recognized Bomi cause she's my 2nd fav... &lt;3 btw, if I'll ever marry Hoya, i'll buy him a YoonJae dog... *.*
260871645546287104	238766652	objective	And the new Tomb Raider has been given a release date, roll on March 5th.
262185990364487682	84494186	positive	Just got back home. Tired. Hopefully I can 'walkkkkkk' for World Walking Day tomorrow. See you at Putrajaya :)
232905603322884096	439507318	objective-OR-neutral	It is a big day in Henryville as students displaced by the March 2 tornadoes finally return to class at their new... http://t.co/LVrLtx2e
205234689936592896	517316037	objective-OR-neutral	Australian Directioners! Up All Night Tour DVD will be posted tomorrow, you guys should be getting them some time on Friday or so.
261631092539392000	20645542	positive	Dee Dee Ramone's exhibition of visual work opens tomorrow! Dee Dee &amp; Shepard Fairey prints for sale at the opening! FRIDAY 8PM-11PM
256827998165151744	367155425	positive	Big Redd, Young Savage and Reed Dollaz will be on stage tomorrow night! Philly it's Going Down!!
263217815333511168	365671740	objective-OR-neutral	@David_MD1 free trial of NBA league pass until nov 7th check it out on http://t.co/slVLa2Ky
263772250250039296	22363895	neutral	@teensara Hahaha Did you see how upset AJ was during the Susan G Coleman segment on Monday :/
243710849544486912	331237562	objective	Check out some live jazz music from David Taylor and Tom Ogunribido today from 12-2pm in the LPC Student Center 2nd floor dining area!
264057505871695872	583884742	positive	Not Available
176550231868047361	513088623	neutral	Not Available
263804057913815040	147899715	negative	#Vbnss Daily Digit: Exchanges lost $1 mln a day - Oct 31 - NYSE, Nasdaq, and the CBOE each lost about $1 million in ... http://t.co/k7Zh7sgC
264264628408832000	21137575	negative	Slept for about 11 hours. I seem to be in quite an odd mood. Ah well, @SoundersFC in play offs tonight (2am) and Jack White on Sunday!!!
264227119519907840	382904566	neutral	Not Available
180732852973993984	25152395	positive	Not Available
263533649285218304	577067868	neutral	Gadkari on attack mode, says ready for any probe: BJP president Nitin Gadkari on Wednesday took on the Congress ... http://t.co/4t4Zq7eg
257824517202771969	198814114	positive	the lovely @GBarlowofficial is apparently coming to St David's Hall in January. SWOOOOOOOOOOOOONNNNN
259450140190982144	518203945	positive	Not Available
253589966662299648	194599631	objective	Not Available
248370653286240256	242341937	positive	hoping Rob Elliot gets his chance too,as much as I love Harper, he was clearly off pace on Monday,Krul would have seen us win 2-0 #nufc #UEL
241904457674285057	20628947	negative	@Kingmonkey70 It seems right back is a problem at the minute. Shotton was awful on tuesday.
250998616410443776	355944941	negative	i spelled dongwoo's name as songwoo.. omg, who the hell is songwoo? the 8th infinite member???
253560559868456960	464690043	positive	I'm ready to defend the 3 stars &amp; a sun! Happy birthday sir Francis M!  http://t.co/MBEGD9a7
239582844974952448	586222653	neutral	Just read an article...E L James is writing a 4th book in the 50 shades series
223665383901638656	32399954	neutral	@direkmark @jhaneen30  One of my 1st music videos in the 90's is "Bad Blood" of @SuperElmo 's dad .  An AIDS awareness video of Francis M.
259639506393776128	363293469	positive	Not Available
258607386393186304	51104663	objective-OR-neutral	All you need to know about the ref for Sunday's game, Martin Atkinson: http://t.co/CSzbm2jG? Sunderland v Newcastle #NUFC #SAFC
176948746469380096	75820369	objective-OR-neutral	RW @WireShire US: Sen John McCain called Monday for US to begin another war with airstrikes on Syria - Breaking News Buzz
257273006513061890	382266591	objective	Only 2 non-Chase drivers in the top 10 -- Kyle Busch in 4th and Mark Martin in 8th.#NASCAR
263167584952782848	193469551	neutral	@DribblePasShoot ouch. Yeah, seeing the Lakers tomorrow will likely be enough. Lol
264165906870050816	714010975	neutral	Gonna write this paper tonight, turn it in, and not look back at it because I get to go home tomorrow so IDC.
264092734116220928	853095716	objective-OR-neutral	Please remember that the deadline for the 1st Quarter Box Tops for Education and our Trash for Cash fundraiser is... http://t.co/cKL5wjmp
258637038490877952	870560431	neutral	Top pct of rushing plays: SEA 54.70%, HOU 51.84%, WSH 51.07%, BUF 47.92%, SF 47.85%... #Bears are 9th with 47.04%
259362983937986560	25663306	objective-OR-neutral	Not Available
264144760229474304	15421625	negative	Weak D and a penalty set up a short TD run for Eastern.  'Cats 17-14 with 2:08 left in 1st half.
261572875306291200	62823680	positive	Good win for NUFC. Nine changes to Sunday's team and still doing well. Got to keep this going now. #nufc
263461390172442624	732673236	objective-OR-neutral	Baby stroller sale: Safety 1st Boost Air Protect Booster Car Seat, Dixie with cheap coupon code http://t.co/9SQzUYfV
234433845917802496	301301949	negative	Men's latest bedroom worry: '50 Shades': E L James' 'Fifty Shades of Grey' may be supercharging the sex-drives o... http://t.co/bUdnfyFz
262994889929785344	205180397	negative	Not Available
238453939270471680	31037343	positive	JETT LOUNGE THURSDAY NIGHT!!! it's gonna be HOT!!!  come party with me and Kenny Smoove  he is one of the hottest Producers and many more!!!
263096225274925056	141049123	objective-OR-neutral	##$$## Black Friday Deals Canon EF 70-300mm f/4-5.6 IS USM Zoom Lens with Hoya UV Filter + Hood + Accessory Kit for ... http://t.co/yykYkq2Q
252108209513455616	851443645	positive	Peter Whittingham now officially overtaken the mighty Roger Johnson as my favorite CCFC player ever! More of the same Tuesday please
243497030423572480	805583215	positive	Trifecta will be performing at the 19th Green in Jeffersonville IN on Thursday Sept 6 @ 8pm!  Come join the party!
261698879978872832	171598747	neutral	@bionikbrainklla i'm going to be in Brownsville tomorrow
194235207832977408	381247782	neutral	Not Available
260004205551575041	131805606	objective-OR-neutral	2nd day of #VINOOMANKAD U19:(ODI): Haryana, Kerala, Andhra, TN, Mumbai, Baroda, UP won their matches against J&amp;K, KAR, Hyd,Goa, MH,Baroda,UP
227832288061317121	103998818	objective-OR-neutral	...move the remaining teams to the D leagues, champion, moves up to the 16 team league &amp; the 16th place team is bumped down to the D league
263743557779734528	511191300	positive	Physics professor just extended our assignment from 11:30 tonight to 11:30 tomorrow...I guess he isn't the only one drinking. #profgetcrunk
236751593054277632	574021965	objective-OR-neutral	Muchoforex New Post - Utilities Stocks, Including Kinder Morgan, Making Big Moves on August 17.... Read it now at http://t.co/uoyBzmak
216984093286608896	297064917	neutral	Timmonsville's Bubba Huggins endorses TOM RICE in the June 26, 7th Congressional District Republican primary RUN... http://t.co/js7yKCmo
259014085281185793	23793186	objective-OR-neutral	SPC is bring Giuliana and Bill Rancic for Breast Cancer Awareness month on October 30th in the GC Ballrooms for a FREE event! Check out...
254579556311265280	368265063	positive	Not Available
248144864997421056	346235321	negative	Steve Emerson on Sun News Network with Michael Coren - Political correctness has damaged all aspects of life http://t.co/men0DloH
260896179838128129	135616590	objective-OR-neutral	Arkansas State 3, UL 0 (10:29, 1st Quarter) Brian Davis nails a 47-yard FG on the Red Wolves opening drive of the game. #Cajuns
251604917964386304	19458579	positive	@fashionablylost Penny Dreadful is a Record Breaker is out in March, just in time for World Book Day! x
262921934981971970	167482641	positive	I hope yall not sleeping on the #Blackout Homecoming Party this Friday at Club Pulse. Shit is really bout to crinack.
263489626793185280	612415338	positive	My 1st tweet, chose you @KellyRipa, saw u in Banff, thankful our snow isn't as damaging as the weather you're dealing with!  Keep safe &amp; dry
259178520083845120	48832891	positive	Not Available
261086869503238144	45567437	neutral	@gm3ek Are you going to SJP tomorrow night pal?
263158815116128256	557548188	positive	Coaches like Gonzaga's chances - Mon, 29 Oct 2012 PST: Don't count the Zags out after their run of WCC basketball... http://t.co/Xw7zyEi0
243311668459868160	253992381	neutral	Wednesday's Laugh:  ESKOM:  A little old lady answered a knock on the door one day, only to be confronted by a... http://t.co/MmwqsXvh
259374136181288960	20756067	neutral	Urban Outfitters. 10% off with College ID til Sunday night. (Doesnt matter how old it is). I hope someone brings their ID from ages ago.
229644255537266688	530919604	positive	Alright, just woke up, about to go ball. Open Lobby tonight and tomorrow, going to be going for crazy 100+s! *cough* Desert Eagle *cough* ;)
247467906315730945	14248226	positive	Pope John Paul II would kiss the ground on arrival in a new country because there was a good chance that a small boy had sat there once.
254381435228680193	59507141	positive	Creighton Volleyball leads 8-5 early in 2nd set. Match becomes even bigger with both Wichita St. &amp; Missouri State down 0-1 at home tonight.
260051608686170112	152556346	positive	@OliverLaaance Can't wait to see you guys tomorrow sa GT at SM Bacolod! :))
264185830581604352	27781218	negative	@Malta73 I can't even try now cuz it closed at 10pm.. Funny though Maria said u guys may go away that week? I had asked if she wanted to go
263508772545261568	147251897	negative	Not Available
242217227825340417	138926426	positive	Wilt Chamberlain 2 may be the best one
258942026408685568	813666060	positive	@GBarlowOfficial awesome cos I was ready to get on the phone at 10am tomorrow to get tickets for st David's hall!! Happy days can't wait
261046021050736640	183682298	objective-OR-neutral	B2ST's current nominated position for MAMA 2012 Best Male Group (5th place) Best Global Group (4th place) Artist of the Year (8th place)
257943599432478721	880765892	positive	Not Available
262788466226655232	263529559	positive	Beloved, don't worry about tomorrow! Wake up every morning conscious of Jesus' supply. Joseph Prince
175147659059929089	290120812	positive	Just got back from school :) aaaggghhh  he is 18. I've been having a spazzing attack the whole day :O National Bieber Day&lt;3 @justinbieber :)
176601613903998976	423295027	objective-OR-neutral	| http://t.co/exwAZ55M | Premier League Team of the Week: Van Persie makes cut for 10th time this season as Szcze... http://t.co/9tE2M0YR
258282753236271104	20961788	objective	Heading to London bringing the sdtrk to Shepard Fairey - @ObeyGiant's Sound &amp; Vision show Friday @StolenSpaceLDN at Truman's Brewery.
262537578459303936	21868696	positive	RT'd Tweet: A bit of Sunday fun, shot in Whitstable, Kent and Muscat, Oman! 'Down Poured the Heavens': http://t.... http://t.co/zRycrwAA
248371055440318464	80168159	positive	@only1noah my best friend and I sat there listening to all of your videos and the ones with Christina Grimmie last night and were awestruck
227992945368915969	101465967	positive	Tong , Mew , Ying , Donut , Tang/June , Sunee , Korn , X , everything lah i love all the cast hehehe
256032456820527104	543957976	objective	Beenie Man will be performing at Echostage (DC Star) next friday for the HU Yardfest Afterparty (18+ event) contact @SocaYute for tickets
264214590869618688	276151090	objective	Bashaara Graves had 17 points and 15 rebounds in her debut with Tennessee in an exhibition game on Thursday. She played 23 minutes.
248002296993177601	126024490	positive	OmegaPharma-Quickstep won Gold, with a little help from Compex! Watch out for Tony Martin (tomorrow) &amp; Tom Boonen (Sunday). Fingers crossed!
263707008383987712	98940331	positive	Last 24hrs covered Delhi, passing thru Punjab, Haryana. Tomorrow morning Jammu. Just loving it!
264202502407348225	308089901	objective-OR-neutral	Not Available
261693801532379136	104413181	objective	UFO Sighting: Black Triangle Sighting in Perryton, Texas on August 11th 2012 - Dark triangle shape across the sk... http://t.co/SRtIs128
262501520535339008	866709174	positive	Not Available
264106310553985024	67065526	positive	We're thrilled that Grandpa's Workshop is a main feature in the Education category of the App Store for a 2nd week! http://t.co/zYvUG5lz
253535994018664448	256331674	objective	Iditarod Check-In:  It's 8:45AM AK Time, where are you @?  DeeDee Jonrowe mushes on a swamp as the sun sets... http://t.co/hEhspzBx
264101009100513280	429269903	objective-OR-neutral	MONTGOMERY | Selma inventor Don Chamberlain says he's running against incumbent U.S. Rep. Terri Sewell in Tuesday's general election to...
179484875588509696	34879851	objective-OR-neutral	Saya mengirim 166 foto di Facebook dalam album "JAVA JAZZ on the MOVE, Supermall Karawaci" http://t.co/WnzTBZyw
259358550869024768	321496438	negative	UK: Chancellor Osborne try to sneak into 1st class train with standard ticket   - Breaking News Buzz http://t.co/LV8RbngU
246271122696450048	103386218	neutral	#Everton News - Krul will miss the Monday night clash with Everton and at least a further couple of ... - ChronicleL... http://t.co/oJfsg5Hr
259740383368601600	393230101	objective-OR-neutral	http://t.co/sAdtjuy5  Boris Johnson Times. Ed moans abt George going 1st class but David Miliband travelled by Royal Jet. #boris johnson
256746338073587712	531310923	positive	"@OliverLaaance: Love! See you tomorrow at SM Sta. Rosa. 4pm ah! Yaaay. :D http://t.co/QoHb19tb"
259959662978404352	75964169	objective-OR-neutral	On a side note.. We have a show with Call The Shots and Set The Record on the 17th of november! Get your tickets from Oztix!
246859125353488384	29518051	positive	I really want @WakaFlockaBSM to tweet me since I bought 4 tickets to his concert October 9th Irving Plaza NYC
259655323122556929	400051029	negative	Buses in the White Hart Lane &amp; High Road N17 area may be subject to diversion &amp; delays due to Tottenham Hotspur match
245142088851808256	15296897	positive	Kinder Morgan (KMI) said Friday it agrees to pay $110M to settle investors' lawsuits related to its ac... http://t.co/u5I6NeYg $KMI
257261869591568386	377474736	neutral	Knicks vs Celtics until they take out Melo then gonna watch the Yankees Game. Guess it's looking like a Sports Saturday Night.
259435865753927680	368912784	positive	@dune glad to hear you are a fan of douglas adams... I am on my 7th rerread/listen to #hitchhikersguide
262684431821701120	498268108	positive	Congratulations to NMRHS Marching Band on placing 1st in NESBA competition Saturday&amp; for winning a gold medal at the MICCA competition today
264211339201884160	561123106	neutral	Not Available
255678887302926336	126429618	objective-OR-neutral	Not Available
264204445036974081	346400200	positive	@10AJMcCarron AJ will you follow me for my birthday? Also looking really forward to seeing y'all Nov 10! :) my first college game :)
257683804074958848	181241054	objective-OR-neutral	Not Available
251006340598747136	606274339	objective	Names of those shortlisted 4 interviews Manyatta constituency by IEBC, r pinned on the IEBC notice board Embu town.interviews this fri &amp; sat
258585050398998528	138787686	negative	Not Available
263621683632566273	228762215	objective-OR-neutral	Wkd Wednesday tonight, #ThrowdownThursdays tomorrow night &amp; Swag vs Class Saturday night at St David's CC all staring yours truely
264025209504428032	284535953	positive	@GriffithsGenna Tenby till Monday night then st David's hotel in Cardiff Wednesday we need it !! Haha xx
248401241196085248	337700729	positive	Photoset: For the adorable and loveable man, Song Joongki, Happy 27th Birthday! Despite your looks not... http://t.co/ezhMRagJ
240257783457525761	26330684	objective-OR-neutral	January trip to Boston to see the Knicks Vs Celtics in the Boston Garden!
244314728900464642	370400088	neutral	Not Available
244485221456703488	181992438	positive	"The Record" is looking for creative&amp;&amp;talented ppl. Join Prof.Thorbjornsen&amp;&amp;Dr.Beverly on the 10th from 3-4pm in Rose Parlor.
264156172909674496	459781505	positive	Oh and we are playing @ the United Center at 1pm on December 1st COME SUPPORT US AND BUY A TICKET FROM ME TO WATCH THE BULLS!!!!!!!
258968332940767232	836090858	objective	DHS College Connection Night - Monday, 10/22 - 6:00, All Purpose Room! Learn about FAFSA, Grants, Work Study and Loan Programs.
250639672290725888	741810102	neutral	3 college reps on Wednesday the 26th.  Otterbein, West Liberty, and Akron.  Sign up by 8 AM if interested.
264132276349190146	261836654	objective-OR-neutral	I just watched part of #DWTS and cowboy Troy was on there singing I play chicken with a train. brings back 8th grade memories
264055375685361664	553372405	neutral	SA urged to save electricity - Eskom urged South Africans on Thursday to save electricity to reduce demand on the gr... http://t.co/anBbhyJe
264169727134429186	382459056	negative	Somebody braiding my hair tomorrow Idc who but if it doesn't look good I'm taking it out
263786661517860865	191945151	positive	@RevJCMitchell  Thought you might appreciate this photo taken of AJ at the Celebration Sunday better than anyone! http://t.co/Rfa01cr5
260576874567176192	376259452	neutral	All my coworkers go to Brookwood. That's the only reason I may go to the game!
240366397790765056	61771813	negative	BJP doing drama to hide facts, says minister - The government Tuesday accused the Bharatiya Janata Party (BJP) of...http://t.co/GMxmgdR9
263333002220826624	22702818	objective-OR-neutral	The New York Stock Exchange and NASDAQ will both be open tomorrow. Also, reports of 3 feet of water in the NYSE are false.
259135606137966593	177603947	positive	Confirmed: Ice Cream Sandwich finally coming to the Droid Bionic tomorrow, October 19th http://t.co/iKTuMZO8
261035336895979520	61771813	objective-OR-neutral	BJP must clarify charges against Gadkari: Congress - The Congress Wednesday asked the Bharatiya Janata Party (BJP)...http://t.co/QPhXUtia
183833135430111232	288690722	objective-OR-neutral	US President wannabe Rick Santorum won the Louisiana primary on Saturday   - Breaking News Buzz http://t.co/0zcbdnK4
261390324688097280	163041118	positive	Not Available
213573869846544385	135263715	objective-OR-neutral	Not Available
263258642151780352	259074027	objective-OR-neutral	MVC weekly release with playoff scenarios. UCA can finish no higher than 5th and no lower than 6th: http://t.co/qhkM6p5Q
259939714981842944	225028029	objective	3rd Question: (time 3 minutes)  What is the state flower of Haryana? a.    Lotus b.    Rhododendron c.    Golden Shower d.    Not declared
216024112999579649	115033551	objective	Nick Gillespie on Real Time with Bill Maher, Friday 12/22, With Kirk Douglas, Rachel Maddow, Mort Zuckerman, &amp;amp; M... http://t.co/BbqpG7xB
194351204585848832	559557237	positive	Not Available
245844253408890880	149063337	negative	Congress lashes out at BJP over coal block issue: Lashing out at the Bharatiya Janata Party on Wednesday for its... http://t.co/6gOkjIt6
245282035588009985	40633824	positive	@arrington Noticed that joke when you interviewed Reid Hoffman. Better the 2nd time around ;)
264079295243223041	227431160	neutral	i may or may not be obsessed with Poetic Justice.
260534516773425152	36255427	neutral	Capt and Chloe were at the Fall For Horses event at the New Jersey Horse Park on Sunday in Allentown, NJ and had... http://t.co/MwnmfohI
254331463363878912	37918420	objective	Our TBox bartender, Bill Carter (http://t.co/KVpCbVIn) just published his 3rd book-"Boom Bust Boom"- come meet the... http://t.co/L77E0qqg
233428282270429184	539688945	positive	@bellaelly PS I have been seeing on our Chicago News about Henryville's new (old?) school.Have a good day tomorrow it is midnight already TC
225275029322084353	180660267	objective	#WorldNews Sales of E L James' much talked about Fifty Shades of Grey trilogy fall for the first time in two mon... http://t.co/T1NwTrtb
263010485098647554	122407565	positive	#3DT Make sure you find your self at the "S.E.C" THiS Thursday for $3 Thursdays!!! $3 w/ College ID $5 w/ Reg. ID til 11pm!!! #iParty
262522947984572416	248839886	positive	DTN Pakistan: Pakistan hopeful of Bangladesh visit: Pakistan's cricket board said Sunday it hopes to arrange a t... http://t.co/qdqWgUfM
231003261216362496	174592946	objective	ICRC says working on contact with Lebanese hostages: The International Committee of the Red Cross said Thursday ... http://t.co/IhjhMPVU
263366711196123137	417509923	negative	I hate watching movies like friday after next on VH1 , BET, MTV,&amp; etc. because they take out the bad language -__-. It's no fun !
262059855089651712	147259796	positive	I need to go find some sweets, then I'm outttt. Another 12 hour day of Marching Band tomorrow #NeverGetsOld
261313020788080640	240730340	positive	@KROQnK9s You are talking to a Wiener National Pro! My dog Kramer was 2nd fastest wiener in the west. He even had a show on Animal Planet!
264177970170695681	896135612	positive	Not Available
248132983159132160	85841896	positive	Last chance to see Silent House with drinks and a tour of the London Tombs tomorrow night! Enter now: http://t.co/CWBpI19w
240195388693413891	553882398	positive	The Snickerdoodle-Strawberry Ice Cream Sandwich is BACK!!!!  We'll be at the SR Wed. Night Mkt, Guernville Farm... http://t.co/c1OS35kC
259612493649948673	19961694	positive	Mark Martin: Hello you! Good weekend so far?   'The Hot 20' is on but can One Direction hold onto 'Saturday... http://t.co/ojPEjVOm
264173066781880320	451249374	neutral	who is going to hammond friday or today
251739799294193664	621247250	negative	@MarkBinda Sunday night isn't a big tv night for me. Besides AR, I was watching Army Wives but I heard a rumor it's not been renewed.
263135002252951553	523056659	objective	Not Available
241061810189529088	555494535	objective-OR-neutral	Not Available
203977468904878081	116628196	positive	VeloNews: Tom Boonen happy with Amgen Tour so far, but hopes for first win in Sunday's final stage in L.A. Then ... http://t.co/iANQzifO
260105138251890688	33586366	positive	Philly girls love going to Big Bangs, Kifs, Fat Tuesday, etc
223227760926138368	177547780	objective-OR-neutral	West Indies players and Kyle Mills during a special presentation to the widow of Runako Morton on Wednesday http://t.co/WZmxP7w9
263615515036106752	71484369	positive	Not Available
264189461473157120	418054364	negative	Im not getting on twitter tomorrow because all my TL will consist of is a bunch of girls talking about Justin Beiber #AintGotTimeForThatShit
253973298873004033	566004292	objective-OR-neutral	@Way_Too_Dope_ they've been letting Gregg Williams go to the Rams game they MIGHT let Sean Payton go to the game Sunday, and Loomis and Vitt
247031555493621762	35990273	positive	The Orange County Armenian Festival is going on today and tomorrow 15 &amp; 16 in Laguna Hills.  Come and enjoy a... http://t.co/gAiixCnl
263165320368381952	41767722	positive	Not Available
264167114775097344	178069489	objective-OR-neutral	Not Available
264179688719675394	188091857	positive	@vbaffour94 @timtebow love this picture! Praying for you right now Vanessa! May the Lord be your strength! :)
264050462670614528	245147147	positive	Happy 21st b day @TheonlyAyrton looking forward to another trip to Knoxville
245292920385720320	547403631	negative	Not Available
217019951335223296	218378707	objective-OR-neutral	Not Available
222564506885308416	293475378	objective-OR-neutral	Dwayne Bravo and Darren Sammy will donate their match fees from the 3rd ODI to the wife of Runako Morton...!! #WI
181249368928698368	42494486	positive	Not Available
222350785583923200	178634171	positive	Darren Sammy and Dwyane Bravo will donate der full 3rd match(Vs NZ) fee to Runako Morton's wife!! Dedicating it to a team man!! RIP Morton
263740710728114177	73218957	positive	I tell Katie there's supposed to be a good firework display in Banff this Saturday. She replies with "oh right during the day yeah?" Yeah.
175896455565938688	17927012	positive	@Novomix30 good field for Paris-Nice. First sportive of season for me tomorrow so good weekend off and on the bike
260565210761408512	25592605	objective	Not Available
264161921832472576	18655979	positive	Good night everyone! Much needed rest for me. Tomorrow off to Oslo!! Playing at the Oslo World Music fest at Park Teatrett.
264089658097549312	753528871	neutral	Sat on a bench and my feet couldn't touch the ground. 1, Drexel, shorter benches please. 2, God, 6'4" that's all Im askin. #asianboyproblems
263986400012161024	373022265	positive	@Thinktastic are sponsoring the Education initiative of the year Award at #SocietyAwards12 tomorrow. Good luck to those shortlisted.
242718317050212352	774584642	objective-OR-neutral	Don't Forget, tomorrow is the annual General Body meeting! Come out to learn more about ISAT and the organizations we are affiliated with!
264190204653490176	14411773	objective	Not Available
175149273875353601	277402775	objective-OR-neutral	March 1st should be officiall National Bieber Day where we get a day off school.
261081353636950016	19464472	positive	Not Available
241118272823648256	164212876	positive	@cerysmatthews Saw Bruce Springsteen in June. "Wrecking Ball" great but "Jack of All Trades" v moving song of life in the Credit Crunch
256885904461942785	358508158	positive	Good to see real progress on the cleanup and rebuilding in Henryville, IN from the March 2nd tornado. http://t.co/ruvnrSck
248122388099768320	19181741	negative	Steve Emerson on Sun News Network with Michael Coren - Political correctness has damaged all aspects of life :: ... http://t.co/OS5Sy87y via
250030653821825025	156699481	objective-OR-neutral	Not Available
264171707605082114	327477823	negative	@sav_leighh I'm going to VCU tomorrow! And you didn't come see me? :(
254888163691073537	99638306	objective	I uploaded a @YouTube video http://t.co/OyN6lQQM Kristin Chenoweth arrives at the 2nd Annual Hero Dog Awards
264048820730621953	18638403	objective-OR-neutral	@joshsteen We're on a normal recording schedule again, Mondays around 6:00pm Eastern, would that work for you one Monday? 2/2
264086181954859008	75459354	neutral	Sky picture of the day! #sky #clouds #nature #outside #sun #day #nofilter #instagood http://t.co/8YmeXv5Z
247762823940284416	35206251	objective	IEBC is prepared to hold the elections on 4th of March 2013-  Chairman
251228837004845056	239097594	positive	Not Available
264011977683267584	275893748	negative	Not Available
216098777235329024	345548182	positive	Dear Christina Grimmie, you may not know it but sometimes your songs are all I need when I'm feeling down.
262792742982254592	72779300	negative	I totally forgot Justin Biebers is going to Dallas tomorrow *Loads Up The Ak*
227430095269289984	37188908	objective-OR-neutral	Officially confirmed: Tom Boonen will ride at the Olympics this Saturday
207610356141531136	29619966	objective-OR-neutral	@MACCartel412 @Looney412 @jungphil609 just added to the June 15th show at Rex Theatre! @TOLLYBANDZ LIVE!!!
198886420125990912	177344943	positive	Had a good time with student teacher, Steve Emerson today at the home brew class. Next one will be June 2nd. http://t.co/YYmfqd3c
262562276727476226	623205262	positive	@AngelEduJr it's not that bad, we have Purim, which it's almost the same thing but it's on March
253213326627176449	18641182	positive	Redlicki/Tahir are set to play Wichita State duo of Gregurovic/Nicol at 5 pm ET in the 1st round of doubles. #TulsaITA #goduke
175160015462735872	171721620	positive	National Bieber Day in all the countries&lt;3
264200442886623232	50909879	negative	Heres everybody's warning nobody better piss me off tomorrow, Idc who you are I'm gonna snap #done #imatmybreakingpoint #canttakethisanymore
264194276924211200	24935882	positive	VH1's storytellers is coming back on Nov 11, my birthday! Coincidence? Nah, someone just finally loves me.
233410057478479874	38621292	positive	Got some great shots of the March Fourth Marching Band tonight at Americaplatz @Musikfest, they were fantastic!!!!
245515667359539201	198284834	positive	Jim Luxford of East York with Calendar #1381619, our 1st $5,000 Daily Winner for September 11! http://t.co/FZP0CB1y
263973724288602112	183027479	positive	Studio tomorrow, all I can think about. Chillin with homies and working on new music
261623151371354112	286960127	positive	As of 2nite it goes down at Big Bangs..15th and Arch st..10-2am...crazy drink specials and more....Music by http://t.co/zpE60bRX
264260503524745216	857282400	objective	THE INSIDER: South Africa can steal a march with robot olympics pitch
260187702429876226	279268715	positive	Maino had a great 1st album and beat niggas asses, that's the type of person we need in Hip Hop
249955549825888257	240970245	positive	@RosewoodOrDie By the skin of their teeth... Gregg Williams.. Easily 2nd best D Coordinator y'all ever had
104713085306159104	272242171	objective-OR-neutral	RT @IndyStarSports: Colts owner Jim Irsay to donate $64,753 to @IndyStateFair victims fund. That's # of tickets distributed to tonight's ...
100682771369955328	27017792	neutral	Monday Night Football is on tonight, right? #NFL #wishfulthinking
108261715120099328	228498230	positive	RT @kellymonaco1: Excited to interview the new cast of DWTS tonight for E News! They have no idea what their in for ;)
102991944950628352	293142083	positive	Looking to start the week with success! Lots of thoughts about tonight's MNF match between Man City & Swansea.
100488964372307968	43099065	positive	The re-release of 'In Desolate Times' is available WORLDWIDE TODAY! Including BONUS TRACKS. Grab a copy and let us know what you think!
111567378193711104	350886930	negative	@ChristPA Best friend just arrived in NYC from Australia. Damn it, means I can't watch the two-hour opener of Terra Nova tonight.
101451016377085952	50025826	neutral	I'm going to Cleveland tomorrow so I'll break up the losing streak.  Verlander may help.
103112103824601088	66786983	neutral	RT @DuaneBrown76: RT @DerrickWard32: Monday Night FOotball vs the JETS 1st game of the year lets see what we are made of. Road to Indy f ...
103099061908934657	316873391	neutral	@ThatBoyJacob Good morning! Do you know who else will be on this season of DWTS?
103233636798701568	148103434	positive	So pretty much im gonna believe that myt 10,000th tweet will come sometime tonight during the MNF game Jets at Texans on ESPN
101269868329963520	167450610	positive	Not Available
104682745376161792	67036119	positive	Woot!  So excited that I get to watch tonight's game. Go Colts!!
100185002276425728	287477398	positive	@DickieV Verlander is possibly ahead of CC, more SOs better ERA, but CC will bounce back after last night's outing like he always does
100141506714800128	336423229	positive	RT @ollyjarvis: @MrDuncanJames great to meet the guys from Blue today at Nurburgring. A very cool bunch of guys! Looking forward to hear ...
118166757763584000	165404022	positive	The takeaway from tonight's game: the Colts' run defense was HUGE. And Curtis Painter rightfully owes us all (us especially) a big finger.
100348025205030913	281258276	positive	Lucy Hale is trending worldwide! The girls from #PrettyLittleLiars are getting some love from the fans tonight. Congrats, @lucyyhale!
102251784126468096	153853944	positive	Queen Latifah may be going 'Dancing': Remember when a "DWTS" insider confirmed to us that the show was aiming for a higher caliber of...
102998979570171905	25159865	positive	Tough week but tmrw is a fresh start. The only good thing about Monday is you get to start over. Plus @HoustonTexans are on MNF! #Greatness
103217683109134336	174442778	positive	@Wildthyme467989 yup, technology makes it feel like you are all right next door. In which case, come over tonight for some Terra Nova! #Kain
103157260112510976	27982261	negative	hope i get to catch Monday Night Football tonight, havent got to see a game yet.....it's only preseason wk1, but feel like ive missed a lot
112942221946404864	330820589	positive	Kerry Collins may look like an old mouse... and hold on to the ball like one... but is a Curtis Painter experiment REALLY that much better?
100123160929771520	28069502	positive	Not Available
101450572363857921	14918147	positive	They figure they better get it all in tonight cause of Verlander tomorrow?  Is that it?  #Indians
111356705631240192	114577718	positive	Interesting visit with Terra Nova yesterday at Stoneleigh, blowing a hoolie and Voyager 2.2 wasn't moving, class tent.
104517341710262272	246428848	positive	Good Friday Morning people!!! Redskins Friday...let's take care of the Colts tonight even w/o Payton Manning.
118152182263586816	18095847	negative	Not Available
119268781557161984	177665211	neutral	I've got a blog post coming up tomorrow. Topic? It's time to learn once and for all what Curtis Painter's got. Start the man. #Colts
118152268834029568	929	positive	Not Available
100395197317398529	118768356	positive	@VH1 We're so happy AdamBehindTheMusic trended in the US & worldwide tonight!! Thanks so much for showcasing Adam on this special!
111483585390854144	147606409	negative	Peyton Manning ......... NOOOOOOOOOOOOOOOOOOOO!!! If Curtis Painter is starting on Sunday, I am going to lose my shit.
103114987739942912	65732160	positive	Big night. Going to watch the Cards thrash the Pirates for a bit and then the 2011 @nyjets debut on MNF. #CANTWAIT
108292425813995520	158833342	positive	Since I'm a Redneck I'm gonna pull up to the Heritage game Friday blaring some Hank Williams with my cowboy hat and blue jeans #yeahbuddy
101814905275039744	69508768	negative	@Plain_Pete yah I know it's on. But it keeps saying Monday night football and says MNF on the scoreboard. I'm just confused bc it's Thursday
107189808840978432	246222514	positive	on the bright side DWTS cast cumin Mon. my girl Kym better b on &hav sum1 that she has a chance 2 win again! go Kym !  ;-)
118167512838979584	19262942	neutral	It's going to be a somber set tonight for Curtis Painter's Nickelback cover band, Something In Your Mouth.
103171753802596353	331801656	positive	Not Available
111975501119225856	157431725	neutral	@HillMcGill does hank williams jr sing the song for monday night rugby, too?
100757770877415425	38901415	positive	@FINALLEVEL RT Coco may be on the next season of DWTS. If she makes it, I'll watch the 1st episode. How about you? 407.916.1041 @SBKLIVE
107415744429572097	35045078	negative	Damn. If I was able to go today I could have watched the advanced screening of Terra Nova :(
103250430980665345	18684224	neutral	Where's a good place in Studio City/LA to watch Monday Night Football tonight? Lemme know!
104743886278238209	114905640	positive	colts game was fun tonight. love spending time with my fam.
100651450576801792	178537084	positive	TONITE IT GOES DOWN!!! STREET FM on 90.1FM in NY Broadcasting worldwide at www.wusb.fm OR watch inside the studio at www.justin.tv/streetfm
103219393776992256	16267008	negative	#GoTexans v. the dirty #Jets football team on MNF tonight -
100046752241041409	249320924	positive	RT @imshar0n: @owlcity wow, you're the reason why 2 topics trended worldwide today. Someone ought to be a happy little owl bunny toniiiight!
101438889968939008	16397103	negative	so Verlander is starting tomorrow against the Indians and I HAVE to stay over at work. booooooo
102933220319956992	186289333	negative	Weird music mood today . Lots of Hank Williams and Johnny Cash running through the iphone.
100290591446925312	143100038	negative	Worcestershire? What are you on about? Still coming down from your 1st half high? Worldwide fanbase is something #mcfc don't have! #MUFC
100320206026579968	41785156	positive	@owlcity hey Adam, your new album is trending worldwide yesterday. Thank to ur Indonesian fans! they're just can't wait!
103232458824220673	25962591	negative	Man,I want to go fuxs with the homies @Hdashkane @ADdaCAPO @KEN2theFOOL tonite for MNF @ the #Horn but I can't:(
113349761364529152	247808931	neutral	Watch Monday Night Football tonight (& pre-game festivities) on ESPN.  I'm in the intro with Hank Williams Jr.  Starts at 6pm EST. I will..
101135414005481472	14871463	positive	@MLBastian that could be the turning point in the series. Not just the game......the series. With Verlander pitching Thursday.....
101451406690619392	43540127	positive	Not Available
104185967795122176	310231044	negative	spot price on 14KT gold is $49.08 dwt in Tampa Bay today - crazy that gold is over $1800/ounce - remember when the real price was $300.00..
101815600862597121	71286461	positive	#NFL and #ESPN have as many kinks to work out as the teams -- they just flashed the "Monday Night Football" graphic...
104216608972607488	148181135	positive	Next person to comment below wins 4 tickets for tonight or tomorrow night's Colts game against the McAllen Thunder!
103053326127603712	191155404	positive	Not Available
100092148233416704	25388551	negative	@arakha Oooh. Haha. Well unfortunately I really shouldn't watch another tonight. Although I might. But it'd be Blue which will make me
101859843777904640	243987190	positive	Not Available
103263897712201731	296502129	positive	Show em what it isRT @Trujohnson2: Love it when scouts be at our Practice..  I counted 4 today..  Broncos , Miami , Philly , && Tampa Bay ..
111054768922832896	276816155	positive	Another heated game tonight between NSC Minnesota and FC Tampa Bay. be sure to make your predictions! Week 23 is already up.
101800040519053315	117708301	positive	If ESPN has a Hank Williams "Are You Ready For Some Football?" song for tonight, I might pass out with happiness.
108819556595793921	19746973	neutral	Not Available
104380375945576448	251477467	neutral	Think I might go to the Colts game tomorrow
104334934017183744	134602625	neutral	Bucs play pats tonight let's go Tampa bay!
100396883612155904	246082780	objective-OR-neutral	@DJBamboozle Well, he's 2nd in the AL in ERA. He has a chance at the Cy Young, though Verlander is probably ahead of him right now
112942998647619585	21147857	neutral	In 14 minutes of Kerry Collins, the #Colts are down 17. Let's give Curtis Painter a shot in the 2nd quarter. Why not?
101452445586161664	133132341	neutral	@LetsGoTribe Must. Get. Innings.   We must pile on and decimate their bullpen tonight! Because with Verlander, they won't need it tomorrow.
104306129428946944	134569530	neutral	Looking for something to do before the Colts tomorrow nite? Take the Circle City Tour -- $15 hop-on/hop-off access all day!
103232907082072064	30090351	positive	Not Available
103264086548160512	140667573	positive	Not Available
118362498155028480	27673803	positive	This may be a fact!! RT @RaheemBrock Curtis painter will help the colts win their first game! U heard it here first!!!
100016992559431680	17567520	neutral	RT @WhosYourTiger: Verlander's strikeout of Mitch Maier in 6th inn. at KC is the 1,151st of his Tigers career, moving into 9th place all ...
118152301532823552	329317762	negative	Aw what the hell Curtis Painter coming in and we give up 3rd and 18 conversion.
111490557842427904	15876015	positive	@linsey_g So many! Up All Night, Terra Nova, Person of Interest, American Horror Story - hot damn, it's gonna be a good year.
115947264266088448	78754808	neutral	Not Available
118167201797775360	227179643	positive	RT @PeterBurnsRadio: Curtis Painter is totally going to get lucky tonight, probably with another girl that looks just like him
100333959212310528	38110141	positive	@HarryPotterFilm Deathly Hallows Part II now become the 3rd High Grossing Movie in Worldwide All of time with $1.133M . Absolutely Amazing !
104245846148792321	25522610	positive	@38special_  Good luck agaist Tampa Bay tonight.
118152030320734210	43598498	positive	Curtis Painter...we have a chance again! Can't believe Kerry Collins didn't throw us a pick-six tonight
101663482537181184	67071435	negative	Today in the weird, world of musical history...Hank Williams was fired from the Grand Ole Opry and told not to return until he was sober.
106721600593854464	104070846	positive	@HulkHogan Hulk, would you be interesting in coming on my show on ESPN 1040 Tampa Bay one Sunday to chat?
110195528733704192	42828974	negative	RT @HowardErickson: My sons were watching MTV the other night. Looked like an absolute freak show. What happened to Hank Williams, Johnn ...
104515631365365761	118384493	positive	Can't wait to go to Colts game with my sweetness tonight.
108034287944744960	112595760	positive	RT @qbpick Tomorrow is the big cast reveal for season 13 of DWTS! Make sure you tune in to the Bachelor Pad to find out the sexy cast.
100091807853068288	97173739	negative	@ScoreboardSteve I gave Verlander a slight edge over CC, but after today against Boston, he is no Cy Young material.
100395453350297600	162904928	positive	ProudOfAllstar? Fuck yeah. Let's get it trending worldwide just like we got Allstar Weekend trending worldwide tonight!(:
113455325029482496	356494473	neutral	My sister got to actually see Fergie, Pitbull, Marc Anthony, Will Smith, Hank Williams Jr. and Dan Marino at the Dolphin's game tonight. -_-
101828209850580993	322342303	positive	Dear ESPN - you aren't fooling anyone with your "Monday Night Football" graphics... its Thursday. Just make TNF graphics. #Thanks
101467291614588928	309323375	negative	@TonyIPI Dead on point.  U couldn't expect to sweep with Verlander pitching...now if u get lucky tomorrow, its gravy and HUGE.
101058853269016577	208816833	neutral	@Jzclesports  I might be going thursday to see the end of the Fausto Carmona era in CLE and to see Verlander, straight filthy stuff
100001362305236993	34877293	positive	Two good ABs by Hosmer against Verlander tonight, even if he has just a walk and flyout to show for it
103142957296795648	342501741	neutral	The final B-Lg draft pick game is tonight on MNF (ESPN).   @sfgiantsfan55 (NYJ) vs @OsunnyG (HOU).  Current leader is Ken with 27 pts.
103175120390078465	24480432	objective	LMAO RT @Daveearl13: Monday Night Football tonight.....the New York Not Yets vs. the Houston Texans
108170719875182592	349857864	positive	@KarenChristian2 GM The new cast of DWTS is going to be on Good Morning America on Tuesday Morning, hope your appts. go well, love U!!
118287761257152514	308652061	negative	Curtis painter did the curtis Painter last night... a fumble and one walk-in td overthrown by 8 yards.
112443819701702657	302810932	neutral	Not Available
112971574075854848	358480987	neutral	Not Available
104639613175463936	290249353	positive	@SuperSkin1 after tonight Colts fans are going to say Manning is John Beck like.
108201763772960769	353946567	positive	@hopesolo the DWTS cast will be announced tonight! Are you in it?! Oh I hope sooo!!!! You'd be so fun to watch and you'd have soo many fans!
107945322713587712	44067958	neutral	Tomorrow during Bachelor Pad.  RT @lildzie: @mortystv do you know if tonight they announce the cast for DWTS???
109137504225067008	33446641	objective-OR-neutral	@RosaAcosta Noticed that you going to be in Tampa tomorrow and wanted to see if we can do a Q&A for Metormix Tampa Bay and feature you ???
104651390776918016	17491872	positive	Looking forward to going to the Colts game this evening!
102885406122590208	217611229	neutral	How about the @DetroitLionsNFL gettin some recognition 10/10/2011 the Lions play on "Monday night Football"
103174922511192064	51755720	positive	quite enjoying @GNev2 on MNF - he looks more at home sat down tho - I don't think he knows what to do with his hands when he's stood up
103220001527447552	228031242	positive	Not Available
107581670546358272	124565885	negative	Not Available
103158253193666560	252307187	positive	RT if you're stoked about Monday Night Football!!
107688409455276032	22503207	neutral	Still need to watch the Pilot for Terra Nova. Maybe tomorrow...
118482876625989632	370131557	neutral	Curtis Painter was asked in interviews today if as the lead singer of Nirvana was getting the band back together.
103263786764480512	296502129	positive	RT @Trujohnson2: Love it when scouts be at our Practice..  I counted 4 today..  Broncos , Miami , Philly , && Tampa Bay ..
103233520188657664	132930248	positive	RT @FAUOwlAthletics: Be sure to catch former Owl football player Lestar Jean on ESPN's Monday Night Football tonight at 8 p.m. with Hous ...
101454064570732545	349109660	positive	Rick Porcello is not Rick Wild Thing Vaughn. I am worried the real Ubaldo is back. Good thing Verlander is tomorrow. #tigers  #yikes
103504889249923072	239420854	neutral	#Redskins QB John Beck will start Friday against the Colts despite a strong performance by Rex Grossman.
105363020154273792	96849368	neutral	Storms are starting to pop. Storm motion today in Tampa Bay is NW at 10-15mph so if you see dark skies to your SE...
101257603157458944	260934314	positive	Wow! SYTYCD finale tonight and tomorrow, 19 days until DWTS cast announcement, 40 days until DWTS, where did the summer go...
101451079404892160	69896660	positive	Indians are up 8-3!  They have to win tonight, facing Verlander tomorrow!
106901959566557186	346630939	positive	colts game tomorrow with drew Budd!
118151992605556736	164355373	neutral	Colts Backup QB Curtis Painter warming up. This could be it for Kerry Collins who may have a concussion. #NFL #Colts
101680607809122305	339438835	positive	French pressed cup of verve's Los naranjos with a bit of Hank Williams. Good morning!
100348089285607425	223630163	positive	RT @AllThingsPLL: Lucy Hale is trending worldwide! The girls from #PrettyLittleLiars are getting some love from the fans tonight. Congra ...
104576641904279552	168793226	positive	Thanks to @us1035 Kim & I are going to the Rascal Flatts concert tonight! Thank you Tampa Bay's Best Country!!!
108261821235990528	170417924	positive	Yay !!!!RT @kellymonaco1: Excited to interview the new cast of DWTS tonight for E News! They have no idea what their in for ;)
100274052534501376	347915191	positive	@TomFelton Hope you win tonight Tom!  Your US and worldwide fans from @TomFelton_USA and @TFeltonChicago are cheering for u!
103263619046846464	167152429	positive	RT @AlexO_3 Monday Night Football be the move too!
104758566136725504	15707296	objective	Colts owner Jim Irsay will give $64,753 to victims fund in state fair tragedy = the total number of tickets distributed at tonight's game.
100397126370078721	3015401	positive	If I'm reading the Twitter Trend list correctly, people are really happy that Verlander beat the Royals yesterday
104667078665048064	29597497	positive	Colts game tonight! Yay!
109409380293816321	40487899	neutral	Is this on tv again? "@kugrlover: Most of Redskins starters will sit tonight vs Tampa Bay, but 1st OL will play as long as Beck..."
102902680632045568	118557560	positive	What will have a better TV rating...#Cardinals v #Rockies tonight or MNF with #Texans and #Jets? Reg Season hardball v Preseason Football
103081947517034496	61853316	positive	Yes. I'm ready for HS, college & pro. Bring it! @blueraider93: Make Monday better! We can now come home to MNF! You ready for some Football?
108277951220551680	21411063	positive	Trying to leave, I'm only 10 minutes late (so far) - still need to dash to the ladies room.  Can't wait to hear who is on DWTS tonight!
101496696877486080	214307858	negative	I fail to see why the Rams are playing TWICE on MNF this Fall-isn't once enough?And their 1st div game isnt til wk9!Un-frickin-real.
108291720541777921	345521578	negative	@Hopesolofans1 @hopesolo I hope my iPhone gets service tonite to find out about DWTS cause I have no power from the storm. No tv no nuttin
113758849688805376	97967826	neutral	On the night Hank Williams came to town.
100198972324454400	231663617	positive	RT @SmileLikeMiley: There won't be just a Party in the USA tonight there'll be a Party Worldwide when Miley wins. BOOYAH! TCAForMiley
100575362601324544	134776420	positive	Not Available
100575706446180354	262663485	positive	Not Available
103220092308946944	14824156	positive	After that, I'll start plugging mine and @joeskirkie's live tweet of the new FOX show Terra Nova on September 26. #maybewewillgetfreestuff
113365713082793984	113726128	positive	Man was that Jets and Cowboys game awesome or what. Great entertainment thats for sure. Time to hear some Hank Williams gettin rowdy tonight
103232284173406208	332559560	positive	MNF tonight! Let's go Sexy Rexy!
108247073098448896	206061060	objective-OR-neutral	Just checking in to see if I had a nightmare last night about the DWTS cast or not. @Zmystique @Nazrin_L @Meryana @tweetthis2010
118167524167782401	167947794	negative	Lmao RT @HeatherNoel13: Curtis painter looks like the kind of guy who would try to buy beer on Sunday. #scumbag
103219394854912000	220447654	objective	"Monday Night Football" #TeamTexans all day & tomorrow... #MNS
104214530766274560	252626004	objective-OR-neutral	@PierreGarcon85 come out and watch THOSE GUYS softball next Saturday august 27th for the COLTS softball tournament,, IT would be great
108819813257842688	19746973	positive	@PacificaPatch This Friday night, Terra Nova football is playing one of our teams up here. I can do a little something for PP if you want.
104834373160935424	16448403	negative	Not Available
104017879887917056	83774718	positive	@kristiyamaguchi @markballas love that you 2 keep in touch :) one of my favorite DWTS couples & reason I started watching in the 1st place!
110180276801519616	94498989	positive	Huge thanks to those of you who came out to my photography workshops today at Terra Nova!
100665193335500800	63532465	negative	RT @Rach_RVX: #Londonriots is trending 3rd worldwide ..... This is NOT something to be proud of United Kingdom!!! Sort it out!!!!
103429907421466624	153307673	positive	I had a fun day on terra nova. Followed by a ho-down at the end of the night. Got plenty of screen time. Look for the only dancing soilder!
106585520066404352	203740421	negative	Today, we found out that Rob Henry tore his ACL, Steve Jobs is stepping down, the Colts signed Kerry Collins, and The Carter 4 leaked.
103217677996277760	98627870	positive	Monday Night Football - Gary Neville did well even if at times he was like a train spotter talking about the female clitoris. #itsnoteasy
115268610204766209	29548978	positive	Happy birthday, Hank Williams. In honor if the Hank turning 88, we'll play 88 Hank songs in a row tonite @The_ZOO_Bar. #honkytonk
101812880151810048	27116493	neutral	Not Available
101060707134619648	45143149	positive	@andrewsikora The Tigers know it's a big game as well: resting Martinez & Alburquerque Monday and bumping Verlander.
108232564933804032	185428677	positive	New cast of DWTS tba at 8pm tonight!! So excited :) The meeting tonight better be done, or "someone" will have to lend me their phone :) thx
101450548439560192	348788574	negative	@stoney16 @JeffMossDSR I'd recommend just turning it off and waiting for Verlander tomorrow.
103158179306807296	165350893	positive	RT @MNFootNg It's monday and Monday Night Football is on my mind. RT if you love football! #MNFootNg.
103157324096618497	61577322	positive	All I know is the road for that Lomardi start at TONIGHT!!!! We will set a record for a pre-season MNF I can guarantee it.
100259220338905089	143184246	neutral	All Blue and White fam, we r meeting at Golden Corral for dinner tonight at 6pm....
104230318525001729	25522610	positive	@DariusButler28   Have a great game agaist Tampa Bay tonight.
100461938533863424	54395259	negative	I'm pisseeedddd that I missed Kid Cudi's show in Dallas, it was trending worldwide that night, &all Im hearing is positive reviews of lolla
